first_name,last_name,email,phone,address
Yurik,Guidera,yguidera0@a8.net,8185043979,51902 Ludington Court
Liuka,Moughtin,lmoughtin1@sourceforge.net,5578814590,42248 Novick Lane
Annabell,Zapata,azapata2@friendfeed.com,4083379965,51706 Macpherson Junction
Ewell,O'Fearguise,eofearguise3@cbc.ca,3184705487,06881 Montana Trail
Amaleta,Eccott,aeccott4@chron.com,7172087352,83066 Havey Court
Stepha,Gobert,sgobert5@sbwire.com,7104314474,06 Buell Drive
Germain,Geill,ggeill6@ca.gov,9563648350,35 Sunfield Plaza
Merlina,Cisson,mcisson7@imageshack.us,9341024014,579 Washington Street
Karrah,Murdy,kmurdy8@newyorker.com,6255589839,11 Riverside Court
Barnaby,MacCarlich,bmaccarlich9@soup.io,3113097255,6 Grasskamp Hill
Louella,Pettegre,lpettegrea@sogou.com,7792715595,900 Butternut Park
Aleksandr,Ensten,aenstenb@constantcontact.com,8488640071,3 Spaight Street
Ogdon,Nund,onundc@bizjournals.com,5196800174,8 Welch Crossing
Beltran,Blacklock,bblacklockd@biblegateway.com,4842479854,240 New Castle Court
Rosamond,Linne,rlinnee@huffingtonpost.com,8087310529,02 Acker Hill
Norah,Brunsdon,nbrunsdonf@surveymonkey.com,8614865694,212 Village Green Parkway
Chrystel,Pickersail,cpickersailg@biblegateway.com,1015005250,5 Cordelia Avenue
Pernell,Naisey,pnaiseyh@over-blog.com,7357893528,1 John Wall Place
Hedvig,Dickerson,hdickersoni@newsvine.com,3999641191,53690 Laurel Street
Venita,Kuzemka,vkuzemkaj@dagondesign.com,4875000456,100 North Pass
Marty,Player,mplayerk@networkadvertising.org,6802447436,16 Westridge Junction
Melissa,Gray,mgrayl@bandcamp.com,9704978801,51341 Kenwood Road
Hort,Squire,hsquirem@nasa.gov,5654724815,1606 Hudson Terrace
Adlai,Dighton,adightonn@biglobe.ne.jp,4139056189,212 Maywood Park
Judye,Wodham,jwodhamo@house.gov,5488665697,88 Anhalt Pass
Saunder,Beyn,sbeynp@umich.edu,6548268628,992 Badeau Parkway
Fransisco,Scurrell,fscurrellq@dedecms.com,2004030885,10660 Kropf Circle
Hasheem,Kingsnoad,hkingsnoadr@cmu.edu,8761285130,59670 Blaine Hill
Gearalt,Elderton,geldertons@privacy.gov.au,3317698825,440 Portage Point
Eustace,Bramble,ebramblet@sina.com.cn,3227104221,9803 Harbort Parkway
Ingrim,Ficken,ifickenu@stumbleupon.com,6768697080,76957 Kings Court
Aloin,Yashaev,ayashaevv@seattletimes.com,8081503726,8 Pond Circle
Horton,Durand,hdurandw@mysql.com,6949897381,554 Lindbergh Circle
Holly,Keggin,hkegginx@utexas.edu,8849249127,98737 Burrows Court
Zacharias,Buntin,zbuntiny@google.com.au,1015099761,71 Karstens Center
Samuele,Wisby,swisbyz@stanford.edu,3016396196,766 Gateway Court
Chelsey,Johanning,cjohanning10@desdev.cn,8628471245,2804 Northland Alley
Talbert,Pratten,tpratten11@sitemeter.com,5602441044,6914 Summit Point
Aigneis,Belamy,abelamy12@cafepress.com,2356124508,94171 Duke Alley
Andreana,Vanner,avanner13@mlb.com,6992469284,7 Rusk Pass
Annemarie,Duncklee,aduncklee14@tripadvisor.com,6154200426,8430 Bayside Plaza
Brose,Biesty,bbiesty15@drupal.org,2089669320,69884 Eastwood Junction
Arthur,McCarty,amccarty16@over-blog.com,9499352066,54 Eagan Trail
Win,Langmuir,wlangmuir17@cpanel.net,2365290313,2 Browning Parkway
Eustace,Mixture,emixture18@usgs.gov,3956868050,5842 Golden Leaf Center
Arielle,Greenshields,agreenshields19@bloglines.com,5969090426,37 Maryland Trail
Tallou,Pammenter,tpammenter1a@home.pl,4703944003,1 Kropf Park
Meade,Graysmark,mgraysmark1b@php.net,6899554521,5 Lukken Junction
Berry,Watman,bwatman1c@time.com,7052381702,80 Parkside Terrace
Herold,Shovell,hshovell1d@artisteer.com,6834768033,4292 Crownhardt Hill
