company_name,fax,email,phone,address,other
Jaxnation,37199223,jsmedmoor0@miibeian.gov.cn,6712488999,63 Larry Pass,"Another Address: 26384 Altenwerth Lake
South Selina, AL 54508"
Divavu,94591106,bmacmenamy1@nature.com,1575513646,667 Marcy Court,
Edgetag,,lgonnet2@vinaora.com,5885154189,69609 Ridge Oak Parkway,
Lajo,,djouannin3@house.gov,3506378334,8 Thierer Circle,
Zooxo,,kgann4@hud.gov,3887112875,3968 Oxford Place,
Fivespan,67196105,tcromwell5@de.vu,2684811407,92 Dunning Center,Another Number: 7706654607
Tagtune,17318423,spolin6@marketwatch.com,6098764832,82 Packers Drive,
Vipe,59739376,hpiper7@meetup.com,7987273377,92652 Victoria Center,
Chatterpoint,,kbuddington8@so-net.ne.jp,5627953965,39451 Center Crossing,
Kayveo,,alannen9@jalbum.net,6224399462,9 Anzinger Alley,
Meetz,,jjouannina@jiathis.com,5465166249,2 Farmco Center,None
Skyndu,,ekirtleyb@cdc.gov,4893694671,4 Pennsylvania Street,
Rhycero,,cnunneryc@tuttocitta.it,2697588606,938 Merry Circle,
Mudo,,clefwichd@ebay.co.uk,2396099137,244 Superior Pass,
Feedmix,,mcopoe@mit.edu,3737758210,5756 Coleman Drive,
